date,mtpi,regime,rotation,majeur,trash,alloc
2026-09-28,0.8,LONG,0.6,ETH,1.0,LONG · ETH 80 / BTC 20  + small-caps ≤20%
2026-09-28,0.8,LONG,0.6,ETH,1.0,LONG · ETH 80 / BTC 20  + small-caps ≤20%
2026-09-28,0.8,LONG,0.6,ETH,1.0,LONG · ETH 80 / BTC 20  + small-caps ≤20%
2026-09-28,0.8,LONG,0.6,ETH,1.0,LONG · ETH 80 / BTC 20  + small-caps ≤20%
2026-09-28,0.8,LONG,0.6,ETH,1.0,LONG · ETH 80 / BTC 20  + trash 20%
2026-09-29,-0.8,CASH,0.6,ETH,0.2,CASH · Dominant Denominator
2026-09-29,0.4,LONG,0.6,ETH,1.0,LONG · ETH 80 / BTC 20  + trash 20%
2026-09-29,1.0,LONG,0.6,ETH,1.0,LONG · ETH 80 / BTC 20  + trash 20%
2026-09-29,1.0,LONG,0.6,ETH,1.0,LONG · ETH 80 / BTC 20  + trash 20%
2026-09-30,1.0,LONG,0.6,ETH,0.2,LONG · ETH 80 / BTC 20  + trash 4%
